{
	"pages": [
		{
			"path": "pages/login/login",
			"style": {
				"navigationBarTitleText": "登录",
				"navigationStyle": "custom"
			}
		},
		{
			"path": "pages/home/home",
			"style": {
				"navigationBarTitleText": "首页"
			}
		},
		{
			"path": "pages/message/message",
			"style": {
				"navigationBarTitleText": "消息"
			}
		},
		{
			"path": "pages/team/team",
			"style": {
				"navigationBarTitleText": "全部团队"
			}
		},
		{
			"path": "pages/team-browse/team-browse",
			"style": {
				"navigationBarTitleText": "发现团队"
			}
		},
		{
			"path": "pages/team-applications/team-applications",
			"style": {
				"navigationBarTitleText": "申请管理",
				"enablePullDownRefresh": true
			}
		},
		{
			"path": "pages/team-detail/team-detail",
			"style": {
				"navigationBarTitleText": "团队详情",
				"enablePullDownRefresh": true
			}
		},
		{
			"path": "pages/activity/activity",
			"style": {
				"navigationBarTitleText": "活动",
				"enablePullDownRefresh": true
			}
		},
		{
			"path": "pages/activity-detail/activity-detail",
			"style": {
				"navigationBarTitleText": "活动详情",
				"enablePullDownRefresh": true
			}
		},
		{
			"path": "pages/activity-create/activity-create",
			"style": {
				"navigationBarTitleText": "创建活动",
				"enablePullDownRefresh": false
			}
		},
		{
			"path": "pages/dinner-party-create/dinner-party-create",
			"style": {
				"navigationBarTitleText": "创建聚餐活动",
				"enablePullDownRefresh": false
			}
		},
		{
			"path": "pages/profile/profile",
			"style": {
				"navigationBarTitleText": "我的"
			}
		},
		{
			"path": "pages/test/test",
			"style": {
				"navigationBarTitleText": "网络测试"
			}
		},
		{
			"path": "pages/test-wechat/test-wechat",
			"style": {
				"navigationBarTitleText": "微信登录测试"
			}
		}
	],
	"globalStyle": {
		"navigationBarTextStyle": "black",
		"navigationBarTitleText": "简庐团队",
		"navigationBarBackgroundColor": "#F8F8F8",
		"backgroundColor": "#F8F8F8"
	},
	"tabBar": {
		"color": "#7A7E83",
		"selectedColor": "#007aff",
		"borderStyle": "black",
		"backgroundColor": "#ffffff",
		"list": [
			{
				"pagePath": "pages/home/home",
				"text": "首页"
			},
			{
				"pagePath": "pages/message/message",
				"text": "消息"
			},
			{
				"pagePath": "pages/team/team",
				"text": "团队"
			},
			{
				"pagePath": "pages/activity/activity",
				"text": "活动"
			},
			{
				"pagePath": "pages/profile/profile",
				"text": "我的"
			}
		]
	}
}